education,absences,extrovert,prior_sales,recruit,grammar,first,revenue
HS,5,MED,5,WEB,4,186,253
HS,4,MED,0,FAIR,3,161,220
GED,7,LOW,4,FAIR,4,234,329
COL,3,MED,4,WEB,8,287,262
HS,6,HIGH,5,FAIR,0,135,205
COL,5,MED,3,REF,7,223,284
GED,2,MED,6,FAIR,4,234,442
HS,2,HIGH,2,WEB,6,347,341
HS,1,MED,0,WEB,6,203,241
GED,1,LOW,0,FAIR,3,297,383
HS,1,HIGH,5,FAIR,4,226,197
COL,4,MED,3,WEB,6,255,316
COL,1,HIGH,0,WEB,5,277,273
HS,5,HIGH,4,FAIR,8,195,270
HS,2,MED,4,WEB,6,258,251
HS,1,LOW,5,WEB,7,273,375
HS,1,HIGH,3,REF,7,294,526
HS,2,MED,5,WEB,9,157,251
HS,3,MED,2,WEB,4,202,283
COL,9,LOW,5,WEB,5,129,313
HS,2,LOW,5,WEB,4,138,250
HS,1,HIGH,3,WEB,7,292,307
GED,2,MED,3,WEB,9,157,557
HS,2,HIGH,4,WEB,8,224,473
COL,3,HIGH,4,FAIR,4,222,270
HS,6,LOW,0,FAIR,6,156,246
HS,2,MED,5,WEB,0,267,200
COL,4,MED,4,WEB,7,163,422
COL,1,LOW,4,REF,6,305,551
HS,2,HIGH,4,WEB,8,214,341
HS,3,LOW,3,WEB,3,275,203
HS,1,HIGH,5,WEB,9,246,206
HS,4,MED,2,REF,9,127,335
HS,2,LOW,0,WEB,5,243,293
HS,2,HIGH,5,WEB,5,258,308
HS,1,HIGH,0,REF,4,244,284
HS,1,HIGH,6,WEB,7,197,203
HS,3,MED,5,WEB,7,334,367
HS,4,LOW,4,WEB,8,161,250
HS,3,MED,3,WEB,4,209,322
COL,5,MED,4,WEB,7,325,283
HS,2,HIGH,0,WEB,4,249,223
COL,2,MED,3,FAIR,2,269,384
COL,3,LOW,3,WEB,9,197,539
GED,1,HIGH,4,FAIR,8,303,492
COL,1,LOW,5,WEB,8,246,396
COL,2,HIGH,6,FAIR,7,124,441
HS,5,MED,0,FAIR,6,234,218
HS,2,MED,0,WEB,1,317,264
HS,4,HIGH,4,WEB,5,141,341
HS,6,HIGH,5,WEB,6,194,270
GED,3,HIGH,4,REF,5,170,269
HS,2,MED,0,WEB,5,311,321
HS,6,HIGH,4,WEB,3,174,228
HS,3,HIGH,2,FAIR,3,248,299
HS,3,HIGH,5,WEB,3,273,317
COL,2,MED,0,FAIR,8,127,372
GED,3,HIGH,4,REF,10,168,465
HS,2,MED,3,FAIR,8,137,279
COL,6,HIGH,4,WEB,6,257,332
GED,3,HIGH,0,WEB,8,180,385
HS,5,HIGH,5,REF,2,137,201
HS,2,MED,3,WEB,8,293,399
HS,3,HIGH,4,WEB,3,236,267
HS,4,MED,0,WEB,6,403,318
HS,1,LOW,0,REF,6,265,290
HS,3,LOW,4,FAIR,4,258,295
HS,2,HIGH,4,WEB,5,328,231
HS,1,HIGH,0,WEB,6,315,302
HS,5,MED,4,WEB,9,168,297
COL,2,MED,5,WEB,10,287,375
HS,4,LOW,3,REF,3,153,251
GED,1,MED,5,REF,7,363,501
HS,1,MED,5,WEB,8,151,261
COL,2,MED,6,WEB,7,160,293
COL,3,HIGH,3,FAIR,7,187,448
COL,3,MED,5,WEB,4,274,279
GED,2,MED,4,FAIR,6,292,297
HS,2,MED,3,FAIR,5,195,372
COL,1,LOW,5,WEB,2,345,413
COL,6,HIGH,5,FAIR,7,266,457
HS,4,MED,0,WEB,3,279,325
HS,2,MED,3,WEB,9,178,252
HS,4,MED,0,WEB,6,341,248
COL,2,MED,4,WEB,9,241,592
HS,2,HIGH,4,WEB,6,301,311
GED,2,HIGH,0,FAIR,4,251,312
HS,5,HIGH,5,FAIR,4,351,393
HS,5,MED,3,WEB,6,331,338
HS,6,MED,4,REF,3,191,137
HS,2,HIGH,4,WEB,8,226,365
HS,4,LOW,0,WEB,6,276,235
HS,2,HIGH,0,WEB,4,175,257
HS,1,HIGH,3,WEB,6,222,347
HS,5,HIGH,3,WEB,2,244,253
HS,2,HIGH,4,WEB,3,175,284
HS,3,MED,4,WEB,3,266,269
HS,1,HIGH,0,WEB,6,183,261
COL,1,HIGH,5,REF,3,349,377
HS,2,LOW,0,WEB,3,326,264
HS,3,LOW,0,FAIR,5,298,284
HS,3,HIGH,2,FAIR,6,206,295
HS,4,MED,0,WEB,6,311,243
GED,3,HIGH,5,WEB,3,260,199
HS,3,LOW,4,FAIR,5,298,308
HS,0,MED,0,WEB,3,507,425
HS,4,MED,3,WEB,3,116,210
HS,1,HIGH,0,FAIR,1,212,142
HS,2,MED,4,WEB,4,204,267
GED,6,HIGH,0,WEB,7,339,261
COL,6,MED,3,FAIR,3,185,342
COL,2,MED,5,WEB,3,327,449
HS,2,HIGH,3,WEB,7,337,255
HS,1,HIGH,0,WEB,7,281,248
HS,1,HIGH,3,FAIR,1,132,163
HS,3,LOW,5,WEB,4,265,161
HS,4,LOW,2,WEB,1,262,305
COL,1,MED,2,REF,6,198,260
GED,1,HIGH,0,FAIR,1,256,232
GED,1,HIGH,0,REF,5,314,338
HS,4,MED,0,FAIR,5,124,303
COL,2,LOW,6,FAIR,9,270,520
HS,2,HIGH,3,WEB,4,201,252
HS,1,LOW,0,REF,6,138,309
HS,1,MED,0,WEB,6,230,259
HS,5,HIGH,4,WEB,7,128,324
COL,4,LOW,0,WEB,9,141,421
COL,1,MED,0,WEB,2,217,296
HS,4,HIGH,5,FAIR,3,228,258
COL,2,HIGH,3,REF,3,171,889
COL,4,HIGH,2,FAIR,8,189,468
HS,1,LOW,0,WEB,7,275,268
COL,3,HIGH,0,FAIR,5,209,354
HS,3,LOW,5,FAIR,7,234,241
HS,2,MED,0,WEB,4,335,278
HS,2,MED,5,REF,6,537,395
HS,3,MED,4,WEB,2,194,284
GED,3,MED,3,WEB,7,188,722
HS,4,HIGH,2,WEB,7,206,159
HS,4,MED,4,FAIR,5,211,183
HS,3,HIGH,5,WEB,2,320,239
HS,1,LOW,4,WEB,7,201,277
HS,4,MED,5,WEB,7,202,285
HS,2,MED,4,REF,7,253,385
COL,1,MED,5,WEB,4,195,403
HS,8,HIGH,0,WEB,4,201,115
HS,4,HIGH,0,WEB,6,140,320
HS,1,LOW,4,REF,4,253,458
COL,6,MED,4,REF,8,325,278
HS,5,MED,0,WEB,7,142,317
COL,4,HIGH,5,WEB,8,243,544
HS,1,HIGH,5,FAIR,3,302,267
GED,0,HIGH,4,WEB,6,230,353
COL,3,HIGH,5,FAIR,8,208,478
HS,3,MED,5,WEB,3,254,234
COL,4,HIGH,5,WEB,6,197,501
HS,2,MED,5,WEB,7,179,235
COL,1,MED,4,WEB,8,132,486
HS,5,MED,5,FAIR,4,196,168
HS,3,HIGH,4,WEB,9,191,259
HS,2,MED,2,WEB,5,141,203
COL,3,LOW,5,WEB,4,249,354
COL,1,MED,0,WEB,9,319,402
HS,5,MED,6,FAIR,6,217,285
GED,3,MED,5,FAIR,6,192,322
GED,3,MED,4,WEB,4,211,320
HS,2,MED,0,WEB,8,232,279
HS,2,LOW,4,WEB,6,150,276
COL,2,LOW,5,WEB,3,207,614
HS,3,HIGH,2,WEB,4,159,245
COL,3,HIGH,0,WEB,8,177,288
HS,3,LOW,5,WEB,4,267,374
HS,2,HIGH,0,WEB,5,99,278
HS,1,LOW,4,WEB,1,111,183
HS,1,HIGH,5,WEB,7,337,402
HS,5,LOW,4,REF,5,402,467
HS,2,LOW,5,WEB,1,254,512
HS,2,MED,4,FAIR,5,178,418
HS,3,MED,0,WEB,1,201,184
HS,2,HIGH,0,REF,2,224,273
HS,3,HIGH,4,WEB,0,243,321
HS,3,LOW,3,FAIR,5,220,275
GED,1,HIGH,3,FAIR,7,323,449
COL,2,MED,4,WEB,9,309,576
COL,1,LOW,0,WEB,7,268,355
HS,3,MED,4,WEB,8,200,170
HS,1,MED,5,FAIR,8,194,396
HS,1,HIGH,2,WEB,4,156,159
COL,3,MED,5,FAIR,8,211,344
COL,3,HIGH,5,REF,6,342,460
HS,1,HIGH,4,FAIR,9,154,307
HS,1,MED,3,REF,4,260,304
COL,5,MED,3,WEB,9,226,373
COL,2,HIGH,4,FAIR,8,344,537
COL,1,MED,0,FAIR,8,246,421
HS,2,MED,0,WEB,6,244,256
HS,3,HIGH,4,WEB,6,275,317
HS,2,HIGH,4,WEB,7,173,260
COL,1,MED,2,WEB,5,174,405
HS,2,LOW,0,REF,0,231,353
HS,2,MED,0,REF,5,356,291
HS,4,LOW,3,WEB,6,157,362
HS,2,MED,0,WEB,6,267,255
HS,4,LOW,5,FAIR,1,240,196
HS,0,HIGH,2,REF,7,191,331
GED,2,MED,3,FAIR,10,352,443
HS,1,HIGH,0,FAIR,6,198,257
GED,4,HIGH,4,FAIR,7,296,252
COL,2,HIGH,4,WEB,3,195,416
COL,3,HIGH,0,FAIR,7,170,377
GED,3,HIGH,4,WEB,5,316,264
GED,3,MED,3,WEB,7,321,493
COL,5,MED,5,FAIR,8,251,687
GED,2,HIGH,3,WEB,3,160,478
HS,2,HIGH,4,WEB,3,188,262
HS,2,HIGH,0,REF,5,200,367
GED,3,LOW,4,FAIR,8,434,611
COL,2,MED,5,FAIR,6,291,404
GED,2,HIGH,0,WEB,3,233,334
COL,2,LOW,5,WEB,7,281,348
GED,2,LOW,5,WEB,2,164,286
COL,0,MED,4,FAIR,7,265,534
HS,3,LOW,5,REF,4,160,281
COL,3,MED,6,WEB,8,291,502
HS,3,MED,4,WEB,7,288,451
GED,1,HIGH,5,FAIR,3,214,461
HS,2,MED,5,REF,3,241,379
HS,5,HIGH,5,WEB,2,212,187
HS,1,LOW,0,FAIR,3,180,130
COL,2,LOW,3,REF,1,220,276
HS,3,LOW,0,FAIR,6,175,208
GED,2,LOW,5,WEB,3,172,326
HS,0,MED,0,WEB,7,316,265
HS,6,MED,5,FAIR,9,225,280
HS,6,MED,6,WEB,6,184,237
HS,2,HIGH,6,FAIR,1,184,253
GED,2,MED,3,FAIR,8,266,343
HS,1,HIGH,0,WEB,4,340,289
GED,2,HIGH,0,WEB,8,281,335
COL,1,HIGH,6,WEB,5,231,389
HS,2,MED,3,FAIR,9,235,350
GED,3,MED,5,WEB,6,163,244
HS,2,HIGH,6,WEB,3,158,270
HS,6,MED,0,FAIR,6,211,216
GED,4,MED,2,WEB,6,339,378
COL,1,LOW,0,WEB,7,210,462
HS,3,MED,0,REF,5,184,232
HS,4,MED,0,WEB,3,198,180
HS,2,LOW,5,WEB,4,264,330
GED,4,HIGH,0,WEB,7,261,385
HS,4,HIGH,3,REF,7,244,428
GED,3,HIGH,0,FAIR,6,142,320
HS,1,HIGH,5,REF,1,273,313
COL,3,MED,5,WEB,6,260,254
COL,3,MED,5,FAIR,9,303,454
HS,2,HIGH,0,WEB,3,278,238
COL,4,HIGH,0,WEB,10,101,437
HS,3,HIGH,5,WEB,5,118,197
HS,2,HIGH,4,FAIR,0,288,412
HS,1,LOW,5,WEB,4,212,211
HS,3,HIGH,0,WEB,4,370,319
HS,1,MED,0,WEB,3,325,277
HS,0,MED,1,WEB,2,184,226
GED,1,MED,5,WEB,5,208,366
COL,0,MED,2,WEB,9,233,406
COL,5,MED,5,WEB,9,148,255
HS,4,HIGH,0,WEB,8,180,222
COL,1,HIGH,0,WEB,4,252,372
COL,1,HIGH,4,REF,7,166,245
HS,2,HIGH,5,WEB,5,175,642
HS,6,HIGH,5,WEB,8,212,335
COL,1,HIGH,2,WEB,6,194,329
HS,1,MED,4,FAIR,7,167,199
HS,1,MED,4,REF,8,199,267
GED,3,HIGH,0,REF,5,408,403
HS,6,MED,4,WEB,3,113,287
COL,2,HIGH,5,WEB,4,190,525
HS,1,LOW,5,WEB,5,150,210
HS,1,LOW,5,WEB,7,259,403
HS,3,LOW,0,WEB,5,191,189
HS,2,HIGH,4,FAIR,6,111,107
HS,2,HIGH,3,WEB,9,246,496
HS,2,MED,5,WEB,5,195,356
GED,4,MED,6,WEB,1,261,349
COL,2,LOW,4,WEB,3,321,366
COL,4,LOW,5,WEB,5,282,289
HS,6,MED,5,WEB,7,261,230
COL,2,MED,5,WEB,8,250,397
GED,0,HIGH,3,WEB,2,202,380
HS,3,MED,5,WEB,0,221,389
HS,1,MED,5,FAIR,6,240,224
COL,2,LOW,0,WEB,5,265,366
HS,2,HIGH,4,REF,6,303,450
HS,3,MED,4,WEB,3,209,252
COL,4,HIGH,5,REF,6,202,412
GED,3,MED,4,FAIR,3,316,292
HS,2,HIGH,4,WEB,3,168,168
COL,4,LOW,3,REF,5,208,427
GED,4,MED,5,FAIR,6,262,373
GED,3,MED,4,REF,7,239,485
COL,2,MED,6,FAIR,5,190,260
HS,1,HIGH,3,WEB,7,489,561
HS,4,MED,5,REF,6,193,124
GED,2,LOW,5,WEB,5,203,394
HS,4,MED,5,WEB,8,249,260
HS,2,MED,0,WEB,1,205,216
COL,4,HIGH,5,REF,8,216,577
HS,4,MED,0,WEB,1,291,256
COL,2,HIGH,3,FAIR,8,161,353
COL,2,HIGH,5,WEB,3,341,364
GED,1,MED,0,REF,6,207,253
COL,4,HIGH,5,WEB,6,180,364
HS,2,MED,5,FAIR,4,317,196
COL,1,HIGH,4,WEB,3,345,495
COL,6,MED,5,FAIR,6,192,459
HS,5,HIGH,1,WEB,5,213,179
HS,1,MED,0,FAIR,1,286,298
HS,2,HIGH,1,WEB,5,249,271
HS,3,HIGH,0,WEB,4,178,140
HS,2,HIGH,4,WEB,7,147,360
COL,1,LOW,5,FAIR,8,259,587
GED,6,LOW,0,FAIR,7,161,297
HS,3,MED,6,FAIR,3,218,298
HS,2,MED,0,WEB,7,303,258
COL,1,HIGH,0,WEB,7,175,343
COL,5,HIGH,0,REF,7,243,343
HS,3,HIGH,0,FAIR,3,311,203
COL,3,HIGH,0,WEB,7,240,436
HS,2,LOW,5,REF,5,375,469
HS,3,LOW,0,REF,9,394,361
HS,2,MED,4,REF,6,285,301
HS,1,MED,3,WEB,8,154,341
HS,4,LOW,3,FAIR,6,230,276
HS,4,MED,0,WEB,9,246,319
COL,2,HIGH,4,WEB,7,173,490
COL,4,MED,2,WEB,3,192,282
HS,2,HIGH,4,WEB,4,278,352
COL,2,MED,0,FAIR,3,189,308
HS,3,HIGH,4,WEB,3,285,267
GED,3,LOW,5,WEB,2,282,558
HS,3,MED,0,FAIR,6,192,232
HS,2,HIGH,0,WEB,6,247,242
HS,4,MED,2,REF,8,248,206
GED,6,MED,0,WEB,4,217,186
COL,5,MED,3,WEB,7,225,323
HS,5,HIGH,5,WEB,4,228,206
HS,1,HIGH,3,WEB,6,218,189
HS,2,MED,0,WEB,7,169,263
HS,2,MED,3,WEB,6,140,217
COL,2,LOW,5,WEB,4,274,423
COL,3,MED,0,WEB,7,210,363
HS,2,LOW,4,WEB,1,204,294
HS,1,MED,5,WEB,2,207,340
HS,1,MED,0,WEB,4,172,268
COL,1,HIGH,4,WEB,7,221,348
COL,5,MED,5,FAIR,5,144,425
HS,4,HIGH,3,FAIR,6,234,264
HS,4,HIGH,2,WEB,7,191,210
GED,2,HIGH,5,WEB,7,346,377
GED,3,HIGH,5,FAIR,8,314,460
GED,6,HIGH,6,WEB,4,228,385
HS,3,MED,4,WEB,5,292,323
COL,1,MED,0,WEB,8,133,418
HS,5,HIGH,6,WEB,4,214,226
HS,4,HIGH,5,WEB,7,183,149
HS,2,MED,5,WEB,2,251,375
HS,2,HIGH,3,FAIR,3,151,216
HS,3,HIGH,0,WEB,7,214,300
HS,3,LOW,3,WEB,7,318,245
COL,4,MED,0,REF,5,132,344
HS,2,HIGH,4,FAIR,8,225,411
HS,3,HIGH,4,WEB,1,271,277
HS,3,MED,4,REF,7,290,311
GED,2,HIGH,4,WEB,6,187,502
HS,1,HIGH,5,WEB,8,347,402
HS,6,HIGH,5,REF,2,288,257
HS,2,LOW,3,WEB,0,225,386
HS,1,MED,0,FAIR,6,259,328
HS,1,HIGH,4,REF,3,194,303
COL,3,MED,3,WEB,5,228,388
COL,1,HIGH,0,FAIR,7,304,366
GED,3,MED,5,WEB,2,356,444
COL,0,LOW,5,FAIR,5,186,483
GED,4,LOW,0,WEB,4,157,263
COL,3,MED,4,WEB,8,215,221
COL,4,LOW,4,REF,6,264,280
GED,2,LOW,0,WEB,3,176,366
GED,6,MED,5,REF,8,162,274
HS,1,HIGH,5,FAIR,8,365,389
HS,2,MED,5,REF,3,287,271
HS,1,HIGH,0,FAIR,3,184,188
HS,5,MED,4,FAIR,5,155,398
HS,3,LOW,2,FAIR,8,274,248
GED,2,HIGH,4,WEB,8,280,388
HS,5,LOW,5,REF,7,176,201
GED,1,MED,0,WEB,8,202,326
GED,6,LOW,5,WEB,3,227,277
GED,2,HIGH,0,REF,8,159,457
HS,3,HIGH,4,WEB,8,263,348
HS,1,MED,0,WEB,5,210,268
GED,3,MED,5,WEB,6,354,425
HS,1,MED,3,FAIR,7,149,350
COL,1,HIGH,0,WEB,9,257,306
COL,1,LOW,0,WEB,5,251,481
HS,2,MED,5,WEB,7,303,330
HS,2,MED,0,WEB,5,210,272
HS,1,HIGH,6,FAIR,2,161,274
HS,2,HIGH,0,WEB,5,266,324
COL,5,LOW,5,FAIR,3,354,461
HS,5,MED,3,WEB,0,174,146
COL,6,HIGH,3,WEB,3,277,365
COL,2,MED,0,WEB,6,338,400
HS,2,LOW,5,WEB,2,212,213
HS,3,LOW,5,WEB,2,240,329
HS,4,MED,5,FAIR,7,225,223
HS,3,HIGH,4,FAIR,7,251,361
COL,4,MED,4,WEB,9,157,606
HS,1,HIGH,5,WEB,4,215,207
COL,1,LOW,4,FAIR,9,185,433
HS,1,HIGH,3,FAIR,6,160,372
HS,4,HIGH,5,REF,5,275,329
HS,4,LOW,5,REF,3,253,231
HS,2,MED,0,WEB,7,152,196
COL,4,LOW,5,FAIR,8,220,195
HS,3,HIGH,6,WEB,6,224,307
COL,2,HIGH,0,REF,5,191,356
COL,2,MED,4,WEB,7,169,607
COL,2,LOW,5,WEB,1,299,371
GED,2,MED,6,WEB,5,221,379
HS,2,LOW,3,REF,3,359,421
HS,1,HIGH,4,WEB,4,256,175
GED,2,MED,6,WEB,7,279,395
COL,1,LOW,4,WEB,5,181,438
COL,4,MED,2,FAIR,4,226,408
COL,5,HIGH,4,WEB,6,178,441
HS,3,HIGH,3,FAIR,6,264,408
HS,3,HIGH,2,WEB,2,266,237
HS,3,HIGH,5,WEB,1,209,349
GED,1,HIGH,4,WEB,4,285,524
COL,3,MED,4,WEB,4,346,405
COL,3,HIGH,3,WEB,7,236,529
GED,1,MED,5,WEB,0,328,364
COL,5,MED,3,REF,7,202,401
HS,4,HIGH,4,FAIR,7,226,547
HS,3,MED,4,REF,6,233,265
COL,4,HIGH,0,WEB,3,154,167
HS,3,MED,0,FAIR,5,203,265
HS,1,MED,5,WEB,6,165,286
HS,3,MED,2,WEB,4,372,354
COL,5,MED,0,REF,8,147,337
HS,2,HIGH,4,REF,6,195,311
HS,1,MED,5,FAIR,5,150,297
HS,2,MED,5,WEB,6,311,286
HS,1,HIGH,3,FAIR,7,301,402
GED,1,MED,2,WEB,8,361,501
HS,5,HIGH,3,WEB,0,181,271
COL,3,MED,5,WEB,7,335,607
HS,2,HIGH,3,WEB,6,419,861
COL,1,MED,4,WEB,2,265,511
COL,3,LOW,0,FAIR,5,197,352
HS,2,MED,0,FAIR,7,210,207
GED,2,HIGH,5,FAIR,6,267,332
COL,4,MED,0,WEB,4,220,315
GED,1,HIGH,4,WEB,4,373,276
HS,4,LOW,2,REF,6,237,315
HS,2,LOW,0,WEB,7,145,256
GED,0,HIGH,0,WEB,8,279,360
COL,6,MED,5,WEB,5,352,514
HS,1,MED,3,WEB,6,191,359
GED,1,MED,5,WEB,7,270,507
HS,1,MED,0,FAIR,9,275,341
COL,3,HIGH,5,FAIR,7,217,539
COL,1,HIGH,0,REF,8,139,524
GED,2,HIGH,2,REF,3,194,238
COL,1,HIGH,6,WEB,3,166,501
GED,2,LOW,6,WEB,4,143,329
COL,4,MED,3,WEB,5,183,621
HS,1,MED,4,WEB,3,185,334
HS,1,MED,0,WEB,6,306,225
COL,1,HIGH,4,FAIR,5,196,985
HS,4,MED,0,WEB,6,158,197
GED,2,MED,5,WEB,5,192,511
HS,3,MED,5,FAIR,7,138,278
HS,4,HIGH,3,WEB,6,131,279
COL,2,HIGH,0,WEB,5,150,303
HS,2,HIGH,6,WEB,8,252,240
GED,4,MED,5,WEB,7,207,453
COL,1,HIGH,2,REF,6,290,635
COL,2,HIGH,5,WEB,8,117,437
COL,2,HIGH,4,FAIR,8,158,529
HS,3,HIGH,0,WEB,5,198,300
COL,6,LOW,0,WEB,7,186,333
HS,2,MED,6,FAIR,1,155,110
HS,2,LOW,0,WEB,3,298,211
COL,4,HIGH,4,WEB,7,220,579
COL,2,MED,2,WEB,3,222,242
HS,2,MED,5,WEB,8,272,243
COL,3,MED,0,WEB,7,172,252
COL,2,MED,5,WEB,9,280,533
COL,3,HIGH,5,WEB,9,140,694
GED,1,HIGH,0,FAIR,3,181,337
HS,2,MED,5,FAIR,9,190,419
HS,3,HIGH,5,WEB,5,262,404
HS,2,MED,6,FAIR,7,179,303
HS,1,LOW,2,WEB,4,260,284
GED,2,LOW,3,REF,8,185,267
HS,1,MED,3,REF,7,280,400
GED,2,HIGH,0,WEB,6,246,290
GED,3,LOW,0,WEB,7,159,221
HS,3,MED,5,WEB,5,126,359
GED,4,HIGH,0,FAIR,7,196,301
HS,5,HIGH,0,WEB,1,324,176
HS,4,MED,4,WEB,0,280,247
HS,5,MED,4,REF,6,179,263
HS,3,MED,0,REF,0,287,223
COL,6,MED,0,WEB,7,291,359
HS,3,HIGH,2,WEB,6,182,218
HS,2,MED,3,WEB,4,186,239
COL,2,MED,5,WEB,7,396,565
COL,3,MED,4,WEB,7,228,384
COL,3,HIGH,2,FAIR,4,217,272
GED,2,HIGH,5,WEB,9,265,380
HS,5,MED,2,FAIR,5,160,259
GED,6,HIGH,5,REF,5,196,215
HS,4,LOW,4,WEB,5,326,300
HS,2,LOW,6,WEB,5,144,395
COL,2,HIGH,6,WEB,4,331,287
HS,2,MED,5,WEB,4,212,222
HS,4,MED,5,WEB,5,166,363
COL,2,HIGH,5,WEB,7,295,424
GED,4,HIGH,0,WEB,7,241,225
HS,6,MED,0,FAIR,5,278,182
HS,2,MED,5,REF,7,179,186
COL,4,HIGH,5,WEB,6,262,543
HS,4,HIGH,6,REF,4,285,289
HS,1,MED,3,WEB,8,356,382
HS,3,HIGH,1,REF,7,232,258
COL,4,HIGH,4,WEB,4,202,372
COL,2,MED,5,WEB,2,240,329
HS,5,LOW,6,WEB,3,204,116
COL,3,HIGH,4,REF,7,259,728
HS,4,LOW,0,WEB,2,306,216
HS,1,MED,0,REF,7,318,183
HS,3,MED,0,FAIR,6,231,458
COL,2,MED,0,WEB,7,231,410
COL,3,HIGH,3,REF,5,252,400
GED,4,HIGH,0,WEB,7,187,329
COL,1,MED,0,FAIR,1,204,239
GED,3,MED,5,WEB,6,243,522
HS,3,MED,0,WEB,3,157,267
HS,2,LOW,5,WEB,5,240,346
GED,1,MED,6,WEB,9,321,431
HS,2,HIGH,0,WEB,6,206,204
COL,6,LOW,4,WEB,8,252,541
GED,3,HIGH,4,WEB,6,191,392
HS,2,HIGH,0,WEB,4,234,190
HS,1,MED,0,WEB,5,315,264
HS,3,MED,5,WEB,1,176,371
GED,3,HIGH,5,REF,3,267,221
HS,2,LOW,0,WEB,6,187,295
COL,3,MED,0,WEB,6,198,232
HS,3,HIGH,4,REF,3,199,260
GED,1,MED,3,WEB,5,289,454
HS,5,MED,0,FAIR,7,278,279
HS,1,HIGH,0,WEB,1,270,208
HS,5,HIGH,4,WEB,8,238,335
HS,4,MED,5,REF,5,275,277
HS,1,LOW,0,REF,5,306,365
HS,2,HIGH,0,FAIR,3,252,212
COL,4,HIGH,5,WEB,8,328,318
COL,3,MED,0,WEB,7,151,253
GED,4,MED,6,FAIR,4,313,339
HS,4,HIGH,2,REF,5,161,143
HS,4,MED,5,REF,4,200,169
HS,2,MED,4,WEB,5,192,385
COL,6,HIGH,4,FAIR,5,217,302
HS,3,HIGH,0,WEB,7,357,522
COL,4,MED,5,WEB,8,176,511
COL,3,MED,0,WEB,7,167,296
HS,2,HIGH,5,WEB,5,150,458
COL,4,MED,4,WEB,3,215,374
COL,2,HIGH,0,WEB,3,204,379
HS,2,HIGH,3,WEB,6,190,246
HS,3,HIGH,0,FAIR,8,356,408
HS,4,MED,2,WEB,5,242,365
COL,1,HIGH,4,WEB,8,236,482
HS,5,HIGH,0,WEB,6,146,216
COL,6,HIGH,5,WEB,5,207,434
COL,3,LOW,0,REF,2,195,338
COL,3,MED,0,WEB,6,157,354
HS,4,MED,0,FAIR,6,222,259
COL,6,HIGH,5,FAIR,4,159,391
HS,1,LOW,6,WEB,6,282,379
HS,3,MED,4,FAIR,3,247,236
HS,2,HIGH,5,REF,7,184,354
HS,1,MED,3,WEB,4,338,388
HS,1,LOW,5,WEB,5,183,443
GED,4,MED,0,REF,2,278,134
GED,4,HIGH,3,WEB,4,365,281
COL,1,LOW,5,WEB,3,210,378
HS,3,LOW,0,FAIR,5,223,231
COL,2,MED,5,WEB,7,270,551
HS,1,MED,4,FAIR,5,176,320
HS,1,MED,6,WEB,8,269,447
HS,5,MED,0,WEB,7,186,157
HS,2,LOW,0,REF,5,293,389
COL,3,LOW,0,WEB,7,288,462
COL,6,HIGH,0,FAIR,5,257,338
HS,2,HIGH,5,WEB,7,332,391
COL,3,HIGH,4,WEB,5,243,375
COL,6,HIGH,4,WEB,2,169,308
COL,2,MED,0,WEB,5,190,346
HS,2,MED,6,WEB,7,235,397
GED,1,HIGH,0,FAIR,4,160,302
GED,2,HIGH,0,FAIR,2,162,314
HS,5,LOW,4,WEB,2,325,205
COL,1,HIGH,4,WEB,9,136,614
HS,1,MED,0,REF,7,260,275
HS,5,LOW,1,WEB,3,189,476
COL,4,HIGH,0,REF,5,335,346
GED,3,HIGH,4,FAIR,8,198,335
HS,4,LOW,4,FAIR,8,324,339
COL,4,HIGH,5,FAIR,6,180,419
HS,6,HIGH,4,WEB,9,187,283
COL,4,HIGH,0,WEB,5,184,242
COL,3,LOW,5,WEB,5,274,377
HS,4,MED,0,WEB,6,365,309
HS,3,LOW,5,WEB,6,468,397
COL,2,HIGH,4,WEB,3,198,542
HS,2,HIGH,4,REF,6,325,350
COL,4,MED,4,WEB,8,187,506
HS,2,HIGH,3,REF,3,123,122
HS,2,LOW,3,REF,6,173,345
GED,1,MED,5,WEB,6,311,401
HS,2,MED,5,FAIR,0,198,263
GED,3,LOW,0,FAIR,2,319,355
GED,3,MED,4,WEB,6,131,348
HS,2,HIGH,2,FAIR,6,204,422
COL,2,HIGH,6,WEB,6,346,486
HS,2,LOW,0,FAIR,1,276,227
HS,3,LOW,4,WEB,0,217,161
HS,1,MED,5,WEB,9,163,422
HS,4,MED,0,WEB,5,305,274
GED,3,HIGH,3,WEB,8,281,500
HS,1,MED,0,REF,7,251,317
HS,5,HIGH,0,WEB,8,240,173
GED,2,HIGH,4,WEB,3,198,365
HS,2,MED,0,WEB,7,286,313
HS,4,MED,2,FAIR,7,116,264
HS,3,HIGH,3,WEB,7,193,169
GED,1,MED,2,WEB,1,350,412
HS,2,HIGH,0,WEB,3,313,215
HS,4,MED,6,REF,3,184,187
HS,3,MED,1,WEB,2,149,190
HS,2,HIGH,4,WEB,6,176,189
HS,1,MED,2,WEB,0,333,231
HS,1,MED,4,FAIR,3,298,263
HS,3,HIGH,5,WEB,6,293,289
HS,5,MED,0,REF,7,216,380
HS,3,HIGH,0,WEB,6,296,253
HS,1,HIGH,5,FAIR,5,176,175
HS,4,MED,5,WEB,7,178,368
HS,4,MED,0,WEB,5,229,198
HS,3,HIGH,5,WEB,6,436,301
COL,1,HIGH,3,REF,5,214,518
HS,1,MED,6,REF,4,333,268
HS,1,MED,6,WEB,3,336,415
GED,4,LOW,5,WEB,9,179,581
HS,2,HIGH,5,WEB,8,267,430
HS,2,MED,5,WEB,2,287,197
HS,1,HIGH,0,REF,2,343,387
HS,2,HIGH,6,REF,2,166,378
HS,2,LOW,3,FAIR,9,302,415
HS,4,MED,2,WEB,8,270,349
GED,3,HIGH,5,WEB,6,188,302
HS,2,MED,0,FAIR,6,357,307
HS,3,MED,0,FAIR,9,229,291
HS,1,HIGH,5,WEB,5,136,261
HS,4,HIGH,0,WEB,6,342,274
GED,4,HIGH,0,WEB,5,165,278
GED,2,HIGH,4,WEB,5,364,496
HS,4,LOW,5,WEB,8,189,199
HS,4,LOW,5,REF,4,220,342
HS,4,HIGH,5,WEB,6,216,350
COL,3,MED,3,REF,2,148,456
COL,3,HIGH,0,WEB,6,143,383
HS,1,HIGH,0,WEB,2,294,275
COL,3,MED,2,FAIR,4,170,445
COL,3,HIGH,0,WEB,3,124,157
HS,2,MED,5,WEB,5,267,273
HS,0,HIGH,1,WEB,7,365,365
HS,2,MED,1,WEB,2,225,201
GED,3,HIGH,0,WEB,5,192,257
COL,2,MED,0,REF,4,393,307
HS,2,MED,5,WEB,8,190,409
HS,6,HIGH,0,WEB,2,267,377
COL,3,LOW,0,WEB,9,304,407
GED,3,HIGH,4,WEB,4,218,392
HS,2,HIGH,0,WEB,9,195,276
HS,3,HIGH,2,WEB,5,371,316
COL,2,MED,4,WEB,2,234,344
HS,4,LOW,4,WEB,6,245,363
COL,6,HIGH,0,WEB,5,261,470
COL,2,MED,3,WEB,7,237,476
HS,6,LOW,0,WEB,5,175,207
HS,4,HIGH,5,FAIR,5,253,262
COL,1,LOW,4,WEB,4,204,354
GED,4,MED,5,FAIR,5,366,319
COL,2,MED,0,WEB,7,243,391
GED,5,MED,4,WEB,4,168,397
COL,1,MED,5,WEB,6,258,473
COL,1,HIGH,0,WEB,3,168,453
COL,4,HIGH,5,WEB,4,157,327
HS,1,HIGH,4,WEB,3,249,326
COL,2,MED,5,WEB,6,418,613
COL,2,MED,4,FAIR,7,147,320
HS,3,HIGH,4,FAIR,8,162,252
HS,1,LOW,3,FAIR,4,186,407
HS,4,LOW,5,FAIR,6,201,339
HS,4,HIGH,5,WEB,6,255,344
HS,3,HIGH,0,WEB,2,301,198
HS,2,LOW,4,FAIR,5,307,280
COL,5,MED,0,REF,7,167,189
HS,6,HIGH,3,WEB,5,139,137
COL,5,MED,5,FAIR,3,298,514
HS,1,MED,0,REF,5,192,241
COL,5,MED,2,FAIR,8,240,301
COL,4,HIGH,4,WEB,7,215,339
COL,2,LOW,5,WEB,7,212,358
COL,5,HIGH,5,WEB,6,152,381
GED,1,HIGH,0,WEB,6,288,418
COL,3,HIGH,2,WEB,4,179,446
HS,2,MED,5,WEB,0,249,218
GED,2,LOW,5,REF,5,159,443
HS,1,HIGH,2,REF,5,226,332
HS,1,HIGH,0,FAIR,6,215,268
HS,2,LOW,5,WEB,6,171,341
COL,6,HIGH,5,FAIR,4,157,287
GED,1,MED,3,WEB,3,216,273
HS,4,LOW,4,FAIR,6,349,369
HS,2,MED,5,WEB,2,167,252
HS,4,HIGH,0,FAIR,4,208,252
COL,2,MED,2,WEB,7,175,389
HS,3,LOW,5,FAIR,6,215,279
GED,1,LOW,0,FAIR,6,381,363
HS,3,HIGH,6,FAIR,7,127,367
HS,2,HIGH,2,WEB,8,209,419
GED,2,HIGH,2,WEB,6,225,363
GED,2,LOW,5,WEB,7,182,308
GED,2,HIGH,0,WEB,5,156,277
COL,1,LOW,4,WEB,8,243,368
COL,1,MED,5,WEB,3,214,336
HS,1,LOW,4,REF,3,241,197
COL,3,LOW,3,REF,5,199,462
COL,3,MED,0,WEB,6,227,269
HS,4,HIGH,3,WEB,4,147,253
HS,2,HIGH,5,WEB,5,350,366
HS,2,LOW,4,WEB,6,260,247
HS,3,HIGH,4,FAIR,5,238,194
HS,3,HIGH,0,REF,6,351,224
HS,3,MED,5,WEB,1,380,186
COL,4,LOW,0,WEB,7,197,431
HS,1,LOW,1,WEB,4,257,224
HS,5,HIGH,2,REF,5,337,211
HS,2,MED,4,WEB,5,202,261
COL,2,MED,4,FAIR,7,322,482
COL,2,LOW,2,REF,8,284,464
HS,4,MED,0,REF,5,154,288
HS,2,HIGH,5,REF,5,272,291
COL,6,MED,0,WEB,6,296,450
COL,5,LOW,5,WEB,8,161,252
HS,6,HIGH,3,WEB,10,159,300
HS,3,HIGH,0,FAIR,5,232,248
COL,2,HIGH,0,WEB,6,265,397
COL,2,MED,4,REF,4,141,587
HS,3,LOW,5,FAIR,5,217,275
COL,4,HIGH,4,REF,7,191,384
HS,2,HIGH,3,FAIR,3,236,203
HS,3,HIGH,0,WEB,1,224,137
HS,1,MED,6,WEB,3,268,210
HS,2,MED,0,FAIR,9,221,328
COL,3,MED,0,WEB,3,187,389
HS,5,HIGH,0,WEB,4,290,208
HS,1,MED,0,WEB,5,305,291
GED,6,LOW,5,WEB,6,240,608
HS,1,LOW,3,REF,4,141,241
HS,2,HIGH,0,REF,4,201,461
HS,3,MED,0,WEB,6,169,214
HS,3,MED,4,WEB,6,162,281
COL,5,MED,1,WEB,4,251,305
HS,2,HIGH,0,FAIR,6,295,322
HS,2,LOW,0,WEB,9,158,314
HS,3,HIGH,4,FAIR,7,193,201
COL,1,MED,4,FAIR,7,257,608
HS,1,MED,5,WEB,6,182,432
HS,1,LOW,5,WEB,5,231,317
HS,1,LOW,5,FAIR,6,506,281
HS,4,HIGH,4,WEB,6,238,321
COL,3,HIGH,5,WEB,4,230,433
HS,2,MED,5,FAIR,6,163,350
HS,2,LOW,5,FAIR,4,189,312
COL,4,HIGH,3,REF,4,276,741
COL,2,MED,5,FAIR,3,144,577
HS,1,LOW,4,WEB,6,265,260
HS,4,HIGH,4,WEB,6,160,393
HS,1,HIGH,4,WEB,5,149,363
HS,4,HIGH,0,FAIR,1,223,158
COL,1,MED,0,WEB,8,146,362
COL,2,MED,3,WEB,8,223,544
COL,1,MED,2,WEB,8,147,508
COL,3,HIGH,4,REF,6,202,531
COL,0,MED,3,FAIR,6,253,867
HS,2,LOW,0,WEB,4,302,265
HS,1,HIGH,4,FAIR,8,189,228
HS,2,HIGH,0,WEB,4,177,240
HS,4,MED,5,WEB,5,301,287
COL,1,MED,2,REF,5,177,504
GED,3,LOW,5,WEB,7,272,457
COL,1,HIGH,4,FAIR,4,153,315
HS,3,HIGH,5,WEB,5,194,207
HS,2,HIGH,5,FAIR,2,225,355
COL,2,LOW,5,WEB,7,188,454
HS,2,HIGH,5,WEB,8,273,258
GED,3,MED,0,WEB,9,351,335
COL,5,MED,3,WEB,5,229,309
GED,3,MED,5,WEB,7,210,364
HS,5,HIGH,0,WEB,5,154,67
HS,3,MED,0,WEB,7,210,182
COL,2,LOW,4,WEB,5,121,431
HS,6,HIGH,5,REF,3,275,451
HS,2,HIGH,4,REF,3,179,329
GED,2,MED,5,FAIR,5,276,430
COL,2,MED,0,WEB,8,225,296
GED,1,HIGH,5,REF,6,213,789
COL,4,MED,0,WEB,3,148,319
GED,2,MED,0,REF,7,307,393
GED,2,MED,6,FAIR,6,177,299
HS,2,HIGH,6,WEB,4,151,158
HS,2,MED,5,REF,4,274,252
HS,2,LOW,4,FAIR,9,206,344
HS,2,MED,5,FAIR,1,205,248
HS,1,MED,0,WEB,6,205,227
HS,1,MED,5,REF,7,332,397
COL,1,MED,0,WEB,7,255,470
HS,3,LOW,0,WEB,8,176,255
HS,3,LOW,5,FAIR,4,294,257
GED,1,MED,5,WEB,8,233,647
HS,1,LOW,5,WEB,3,271,282
COL,3,MED,4,FAIR,5,229,393
HS,6,HIGH,4,FAIR,9,144,214
HS,4,LOW,5,FAIR,6,220,187
HS,2,MED,0,WEB,8,177,302
GED,6,MED,4,WEB,4,169,310
HS,4,LOW,3,REF,0,240,280
HS,1,MED,4,WEB,0,219,195
GED,2,MED,6,REF,8,347,396
GED,3,MED,3,FAIR,3,249,294
COL,3,MED,5,FAIR,7,269,413
HS,5,HIGH,4,WEB,5,177,265
HS,1,LOW,2,FAIR,5,193,183
HS,2,HIGH,3,FAIR,4,209,238
HS,1,LOW,0,WEB,5,281,264
COL,1,HIGH,5,FAIR,7,197,375
COL,1,HIGH,0,WEB,3,329,356
COL,5,HIGH,6,WEB,6,332,708
COL,3,MED,5,REF,8,204,468
HS,4,HIGH,3,FAIR,4,319,398
COL,1,MED,3,FAIR,4,315,557
HS,3,LOW,5,WEB,7,338,412
HS,1,HIGH,0,WEB,7,229,406
COL,3,MED,5,WEB,7,213,311
COL,3,HIGH,0,WEB,7,227,332
GED,2,HIGH,3,FAIR,3,119,246
HS,2,HIGH,6,WEB,7,224,271
HS,4,HIGH,4,WEB,4,158,188
HS,2,HIGH,6,WEB,10,222,417
GED,4,HIGH,6,WEB,8,177,271
HS,6,HIGH,4,REF,9,235,309
HS,2,MED,3,REF,6,294,348
COL,3,HIGH,3,FAIR,9,361,432
COL,1,MED,4,FAIR,9,232,598
HS,4,HIGH,0,WEB,1,182,227
HS,4,HIGH,5,WEB,8,345,398
HS,4,HIGH,0,WEB,4,152,192
HS,3,MED,4,WEB,6,257,235
COL,2,LOW,3,FAIR,4,181,463
COL,2,MED,0,WEB,6,219,256
HS,1,MED,3,WEB,1,230,247
GED,1,LOW,0,WEB,6,151,209
HS,1,MED,4,WEB,1,147,326
COL,2,MED,4,WEB,3,282,560
HS,1,HIGH,3,FAIR,8,166,283
HS,1,HIGH,3,WEB,7,370,318
HS,3,MED,4,WEB,7,260,237
HS,4,HIGH,5,REF,2,384,223
HS,3,LOW,0,WEB,6,196,245
HS,1,LOW,6,WEB,8,388,377
HS,6,HIGH,3,WEB,5,189,312
HS,2,LOW,4,WEB,5,202,178
HS,2,HIGH,5,WEB,3,397,480
HS,2,HIGH,5,WEB,6,142,283
HS,1,MED,0,WEB,0,148,244
HS,0,MED,0,FAIR,8,252,283
HS,2,MED,5,WEB,5,232,276
COL,1,HIGH,4,REF,7,296,586
HS,3,MED,0,FAIR,6,190,292
HS,4,HIGH,4,WEB,5,278,196
HS,2,MED,5,WEB,7,152,379
GED,1,HIGH,0,WEB,9,282,402
HS,0,MED,0,FAIR,6,272,311
COL,5,LOW,3,WEB,5,329,331
HS,2,LOW,2,FAIR,0,181,271
HS,4,HIGH,5,REF,3,359,276
COL,2,LOW,0,FAIR,1,232,287
COL,1,LOW,3,WEB,7,113,425
HS,2,MED,5,WEB,6,249,381
HS,3,HIGH,3,WEB,1,195,224
COL,6,MED,5,REF,7,205,584
COL,3,LOW,0,WEB,3,124,347
COL,2,MED,6,WEB,4,162,286
HS,1,MED,0,WEB,7,329,276
COL,5,HIGH,5,WEB,4,198,542
COL,6,MED,5,WEB,8,138,356
GED,4,MED,0,WEB,8,212,240
COL,2,LOW,4,FAIR,8,311,492
COL,5,MED,5,WEB,2,178,508
HS,3,LOW,6,FAIR,2,209,159
COL,2,MED,0,FAIR,6,182,543
HS,2,MED,2,FAIR,5,143,275
HS,4,HIGH,0,WEB,4,183,169
COL,1,MED,5,WEB,6,193,284
COL,2,HIGH,5,REF,7,305,397
GED,3,MED,4,WEB,9,149,801
COL,4,LOW,3,REF,2,227,360
HS,1,HIGH,4,WEB,7,250,300
HS,4,HIGH,3,WEB,7,174,354
HS,4,MED,3,FAIR,4,235,188
GED,2,HIGH,3,WEB,7,255,378
COL,3,MED,0,WEB,5,112,361
HS,3,HIGH,0,REF,7,321,162
COL,1,MED,6,WEB,4,207,511
HS,5,HIGH,4,WEB,5,310,291
COL,2,HIGH,5,WEB,6,367,360
HS,1,MED,0,REF,2,162,89
COL,4,LOW,0,REF,9,236,332
GED,3,HIGH,3,FAIR,7,196,361
COL,2,HIGH,5,WEB,7,338,587
GED,4,LOW,4,WEB,8,203,497
HS,3,HIGH,4,WEB,3,250,192
GED,4,MED,0,WEB,1,236,295
HS,1,HIGH,2,REF,4,218,185
HS,3,HIGH,3,FAIR,8,219,318
GED,0,MED,6,FAIR,0,191,257
HS,3,MED,4,WEB,8,175,214
COL,2,LOW,0,WEB,3,172,438
GED,4,LOW,5,WEB,7,311,399
COL,4,LOW,0,WEB,5,177,306
COL,1,MED,0,WEB,6,225,276
COL,3,MED,0,WEB,9,245,454
GED,2,MED,5,WEB,5,237,485
COL,4,MED,2,WEB,9,384,461
HS,1,MED,5,FAIR,7,263,245
COL,6,HIGH,4,FAIR,3,157,309
GED,6,MED,0,FAIR,6,242,153
HS,3,MED,4,WEB,6,339,285
GED,8,MED,4,WEB,8,241,166
HS,3,HIGH,0,FAIR,9,141,179
COL,2,HIGH,4,WEB,9,157,574
COL,3,MED,0,FAIR,8,268,510
COL,4,MED,2,WEB,6,316,422
HS,4,MED,3,WEB,6,231,240
HS,2,HIGH,0,WEB,1,198,199
COL,2,LOW,4,WEB,5,177,303
COL,3,MED,4,FAIR,8,432,321
HS,4,HIGH,0,FAIR,0,230,159
HS,4,HIGH,6,WEB,7,308,301
HS,4,MED,4,WEB,7,323,213
HS,5,HIGH,3,WEB,7,171,354
HS,5,HIGH,0,WEB,4,362,176
HS,4,HIGH,2,WEB,6,305,160
GED,1,LOW,6,WEB,4,127,247
HS,1,MED,0,REF,5,194,326
HS,5,MED,2,WEB,6,238,268
COL,8,HIGH,3,WEB,8,171,302
COL,4,LOW,4,FAIR,9,286,342
COL,3,HIGH,4,WEB,8,239,420
COL,3,MED,0,WEB,3,205,260
COL,3,MED,4,WEB,3,276,409
HS,2,HIGH,0,FAIR,5,246,255
COL,3,MED,4,WEB,2,326,520
COL,3,MED,3,WEB,6,350,375
HS,3,MED,3,WEB,4,164,276
HS,3,LOW,4,WEB,5,286,254
COL,4,LOW,5,WEB,5,263,346
HS,1,HIGH,2,FAIR,2,256,231
HS,2,HIGH,5,FAIR,0,188,397
COL,1,MED,0,WEB,4,185,438
HS,0,MED,0,WEB,8,266,245
HS,3,MED,3,WEB,8,233,213
HS,2,MED,5,FAIR,7,277,288
HS,4,MED,0,FAIR,6,309,291
HS,1,LOW,5,REF,4,129,202
HS,5,LOW,0,WEB,4,267,193
GED,2,HIGH,6,WEB,7,210,536
COL,3,HIGH,0,WEB,3,179,333
COL,0,LOW,5,WEB,6,167,333
HS,1,HIGH,5,FAIR,9,216,347
HS,4,MED,0,WEB,8,246,168
GED,3,MED,0,WEB,4,258,350
GED,3,MED,4,WEB,0,322,529
HS,3,LOW,5,WEB,6,361,361
COL,2,HIGH,0,WEB,4,374,477
COL,3,LOW,0,REF,7,179,448
GED,5,MED,2,REF,4,215,194
GED,3,MED,0,WEB,5,362,359
HS,3,HIGH,5,WEB,3,314,393
GED,4,LOW,4,WEB,3,167,434
HS,4,LOW,0,WEB,2,214,243
GED,2,HIGH,4,WEB,7,161,320
HS,1,HIGH,4,WEB,3,218,380
HS,5,HIGH,5,WEB,2,134,284
COL,2,HIGH,0,WEB,4,213,336
GED,4,HIGH,6,WEB,5,233,251
COL,2,MED,4,WEB,8,196,382
HS,1,HIGH,0,WEB,5,181,268
COL,3,MED,0,REF,8,330,414
COL,2,HIGH,3,WEB,5,309,674
HS,2,LOW,4,WEB,4,226,279
HS,2,HIGH,5,FAIR,5,333,311
COL,1,HIGH,0,FAIR,8,318,401
HS,1,HIGH,2,WEB,5,163,272
HS,3,LOW,3,WEB,5,358,398
HS,1,LOW,4,WEB,9,252,238
HS,3,HIGH,3,WEB,6,136,318
HS,4,LOW,1,WEB,7,131,231
HS,6,HIGH,4,FAIR,5,271,248
HS,3,LOW,2,WEB,5,228,232
HS,3,HIGH,4,FAIR,5,277,298
HS,5,LOW,5,WEB,5,238,344
GED,2,MED,0,FAIR,9,234,409
HS,3,MED,4,FAIR,1,146,235
HS,3,MED,0,FAIR,5,156,214
COL,4,HIGH,5,WEB,5,279,246
GED,1,MED,1,REF,8,208,274
GED,2,MED,5,WEB,0,178,396
HS,3,LOW,5,WEB,5,216,253
HS,3,HIGH,2,WEB,7,190,201
COL,3,HIGH,0,WEB,8,301,363
GED,3,HIGH,5,FAIR,1,265,287
GED,2,HIGH,2,WEB,5,204,290
GED,1,MED,6,WEB,5,267,516
HS,6,MED,5,WEB,7,326,296
HS,2,MED,6,WEB,4,246,292
HS,6,HIGH,5,WEB,7,211,282
HS,3,HIGH,2,WEB,6,223,334
COL,3,MED,4,FAIR,6,146,505
HS,6,HIGH,5,WEB,5,341,259
COL,2,MED,4,REF,5,201,242
HS,4,MED,0,FAIR,5,236,273
HS,3,HIGH,5,WEB,5,210,239
GED,5,LOW,0,WEB,3,164,289
GED,3,LOW,5,WEB,8,324,437
HS,6,HIGH,0,REF,2,207,194
GED,3,HIGH,0,WEB,4,345,373
HS,4,HIGH,4,WEB,7,179,106
GED,3,HIGH,0,WEB,3,227,290
COL,1,MED,0,WEB,2,152,329
COL,2,HIGH,0,WEB,6,263,450
HS,4,MED,2,FAIR,7,283,259
GED,3,HIGH,0,REF,6,231,394
GED,3,HIGH,0,REF,9,188,327
HS,2,LOW,0,WEB,5,247,332
HS,3,MED,0,REF,6,162,386
COL,3,LOW,0,WEB,5,305,342
COL,3,MED,4,REF,3,224,303
HS,5,HIGH,5,WEB,4,252,380
COL,1,HIGH,0,WEB,7,182,301
HS,6,HIGH,0,FAIR,8,201,183
COL,2,LOW,4,WEB,5,398,473
HS,3,HIGH,0,FAIR,4,130,201
HS,2,LOW,5,REF,3,140,441
HS,5,HIGH,0,WEB,5,261,295
HS,1,MED,0,WEB,6,308,316
COL,4,MED,1,WEB,5,192,333
COL,2,MED,5,FAIR,5,230,601
GED,4,HIGH,2,WEB,7,231,364
HS,2,HIGH,0,WEB,8,233,248
GED,2,MED,5,WEB,6,196,406
GED,3,HIGH,5,WEB,4,200,417
COL,2,LOW,0,WEB,6,255,479
HS,1,MED,5,WEB,6,126,400
HS,6,LOW,5,WEB,9,201,428
HS,3,MED,5,FAIR,9,243,294
HS,2,MED,5,WEB,4,150,449
HS,2,MED,0,WEB,5,130,224
HS,3,HIGH,5,WEB,3,173,278
GED,2,LOW,5,FAIR,3,243,360
HS,2,MED,5,WEB,3,188,386
HS,3,LOW,4,FAIR,2,181,298
HS,3,LOW,5,WEB,4,357,236
HS,4,HIGH,5,FAIR,8,332,252
HS,4,HIGH,5,FAIR,7,370,209
GED,6,MED,5,REF,5,224,401
COL,1,MED,3,REF,9,214,408
GED,2,MED,0,WEB,5,276,329
COL,4,HIGH,4,WEB,3,218,318
COL,3,LOW,6,WEB,5,210,364
HS,6,MED,4,WEB,7,220,231
COL,3,LOW,4,FAIR,4,145,350
HS,5,HIGH,0,FAIR,5,146,163
HS,2,HIGH,4,WEB,4,246,174
COL,2,MED,3,WEB,8,200,488
COL,4,HIGH,3,FAIR,7,159,390
HS,4,HIGH,0,REF,6,205,336
COL,2,HIGH,0,FAIR,2,166,350
GED,3,MED,0,WEB,5,139,219
HS,4,LOW,5,WEB,6,138,219
COL,3,HIGH,0,WEB,8,234,300
HS,3,HIGH,3,WEB,5,172,397
HS,6,MED,5,REF,5,235,352
HS,4,MED,0,WEB,5,302,297
HS,5,LOW,3,WEB,5,334,206
COL,2,MED,0,WEB,8,134,387
HS,2,MED,5,REF,9,198,290
HS,4,MED,6,WEB,3,204,464
HS,1,HIGH,5,REF,5,260,273
HS,1,MED,4,WEB,2,228,256
HS,3,MED,3,WEB,1,192,327
HS,4,MED,0,WEB,7,373,280
GED,5,MED,0,REF,2,228,710
GED,2,MED,5,FAIR,8,325,409
HS,2,MED,4,WEB,2,260,191
HS,4,HIGH,0,WEB,6,125,296
HS,2,HIGH,3,WEB,9,257,349
COL,3,MED,4,REF,5,230,567
HS,2,MED,0,WEB,4,161,247
HS,2,LOW,5,WEB,3,167,363
COL,1,MED,0,WEB,2,389,409
HS,1,MED,5,REF,6,185,366
HS,3,LOW,5,REF,6,185,363
GED,1,HIGH,0,FAIR,6,188,362
HS,1,HIGH,0,WEB,5,190,314
HS,2,LOW,0,WEB,4,316,200
COL,1,LOW,2,REF,8,278,372
GED,2,HIGH,5,WEB,3,160,268
HS,6,LOW,4,WEB,2,180,142
HS,3,MED,4,WEB,5,279,237
COL,2,MED,3,FAIR,7,244,329
HS,4,LOW,5,FAIR,9,188,181
HS,1,LOW,0,WEB,5,236,240
HS,2,MED,5,WEB,8,293,410
HS,2,HIGH,0,FAIR,4,222,220
GED,4,LOW,4,FAIR,2,310,312
HS,2,HIGH,6,WEB,5,236,308
HS,1,LOW,5,WEB,7,216,367
HS,2,MED,3,WEB,7,595,378
COL,2,MED,5,WEB,7,236,426
HS,2,HIGH,5,REF,6,342,344
COL,3,LOW,4,REF,8,151,467
HS,6,HIGH,2,WEB,8,196,238
COL,4,HIGH,0,REF,8,197,312
HS,2,HIGH,6,WEB,4,279,449
COL,1,HIGH,2,FAIR,4,372,516
GED,2,HIGH,3,WEB,3,312,375
HS,5,LOW,0,WEB,7,114,139
GED,1,MED,4,REF,5,237,415
HS,5,MED,4,WEB,7,256,217
HS,6,MED,0,WEB,5,192,89
COL,6,LOW,4,WEB,4,287,603
HS,2,MED,4,WEB,3,113,264
HS,2,MED,0,WEB,6,173,286
HS,1,HIGH,3,WEB,7,278,288
GED,4,MED,4,WEB,7,147,321
COL,1,LOW,0,WEB,7,203,411
GED,6,MED,0,FAIR,8,128,214
HS,3,LOW,3,WEB,5,241,483
HS,1,HIGH,0,WEB,4,219,211
COL,5,HIGH,5,FAIR,8,242,506
HS,2,MED,5,WEB,7,155,416
GED,1,HIGH,3,WEB,7,191,657
GED,1,HIGH,5,REF,9,210,399
COL,2,MED,4,WEB,5,224,309
HS,2,LOW,0,REF,3,114,131
HS,1,HIGH,6,FAIR,5,227,392
COL,2,HIGH,5,FAIR,8,211,418
HS,1,HIGH,0,REF,6,308,580
COL,1,LOW,5,WEB,6,160,462
COL,4,HIGH,3,REF,7,152,399
HS,5,MED,5,FAIR,7,167,165
GED,1,MED,0,WEB,2,164,269
COL,2,MED,5,WEB,9,295,542
COL,0,HIGH,4,REF,8,220,384
HS,1,MED,3,REF,8,204,228
HS,2,HIGH,5,FAIR,7,201,264
HS,5,MED,5,WEB,6,205,198
HS,5,MED,4,WEB,5,333,394
HS,1,MED,2,WEB,8,134,318
HS,2,HIGH,5,WEB,5,256,445
COL,3,MED,4,FAIR,7,187,255
HS,1,LOW,2,WEB,2,270,301
GED,1,HIGH,4,WEB,1,298,326
GED,2,HIGH,5,FAIR,3,168,259
GED,2,HIGH,3,WEB,8,286,403
COL,2,HIGH,4,WEB,5,246,326
HS,2,LOW,3,FAIR,9,320,337
COL,3,MED,3,FAIR,3,142,346
HS,3,MED,4,WEB,5,241,236
COL,1,MED,5,WEB,7,221,486
HS,3,LOW,0,WEB,6,161,436
COL,5,MED,3,WEB,7,195,484
COL,3,HIGH,0,FAIR,7,212,480
COL,2,MED,4,REF,5,237,475
GED,4,MED,0,WEB,4,185,188
COL,3,MED,5,WEB,2,183,675
HS,2,HIGH,0,FAIR,4,189,284
HS,3,LOW,3,WEB,5,181,354
COL,1,HIGH,4,WEB,4,258,432
COL,2,HIGH,4,FAIR,3,301,911
COL,0,LOW,5,WEB,7,208,397
HS,1,HIGH,6,WEB,3,196,169
GED,1,LOW,5,WEB,6,279,330
COL,1,HIGH,4,REF,6,282,273
COL,4,HIGH,5,FAIR,2,180,343
COL,3,MED,3,WEB,9,213,404
COL,2,HIGH,4,WEB,4,217,321
COL,3,HIGH,3,WEB,8,321,365
GED,2,HIGH,0,WEB,7,233,341
HS,3,LOW,0,WEB,9,250,477
HS,4,MED,5,WEB,5,388,328
HS,4,HIGH,3,WEB,7,333,400
HS,2,MED,3,FAIR,8,291,242
COL,2,MED,2,REF,7,245,426
HS,5,LOW,4,FAIR,6,180,365
HS,5,MED,5,WEB,1,285,204
HS,1,HIGH,0,WEB,5,290,335
COL,0,MED,5,FAIR,7,154,378
HS,3,HIGH,0,WEB,1,221,254
GED,1,MED,0,WEB,2,240,268
HS,4,MED,0,WEB,3,340,383
COL,2,HIGH,5,FAIR,7,229,617
HS,2,MED,4,REF,2,347,225
HS,4,LOW,5,FAIR,2,240,263
COL,4,MED,0,WEB,8,172,419
HS,3,HIGH,0,FAIR,3,230,267
HS,1,HIGH,5,WEB,7,147,320
HS,3,MED,0,FAIR,7,236,123
COL,6,MED,6,WEB,7,195,453
HS,2,MED,4,WEB,8,356,320
HS,3,HIGH,5,REF,1,368,270
COL,1,MED,0,WEB,5,177,371
COL,2,LOW,4,WEB,1,269,504
HS,3,MED,4,REF,4,158,186
HS,2,HIGH,0,WEB,3,218,266
HS,4,HIGH,5,REF,3,149,159
HS,1,HIGH,0,WEB,7,194,337
HS,5,HIGH,4,WEB,6,189,330
HS,4,LOW,0,WEB,4,244,382
HS,1,HIGH,5,REF,4,215,224
COL,1,MED,0,WEB,1,339,422
HS,1,HIGH,0,WEB,3,292,310
COL,3,MED,3,WEB,8,232,438
GED,1,HIGH,5,WEB,3,220,319
HS,4,MED,3,WEB,5,265,286
HS,6,HIGH,0,WEB,6,192,277
GED,1,LOW,5,FAIR,8,324,443
GED,5,MED,5,FAIR,5,219,389
HS,4,HIGH,3,WEB,3,183,290
COL,3,MED,4,WEB,4,192,325
GED,2,HIGH,0,FAIR,2,183,350
HS,2,HIGH,5,WEB,4,244,285
GED,2,MED,5,REF,7,173,386
GED,0,HIGH,1,FAIR,3,200,334
COL,4,LOW,3,WEB,5,180,436
GED,4,MED,0,WEB,0,276,321
HS,3,HIGH,0,WEB,4,143,484
COL,4,HIGH,0,WEB,4,270,324
HS,5,LOW,3,REF,7,268,125
COL,3,HIGH,4,WEB,6,227,514
GED,3,LOW,0,WEB,1,161,247
GED,3,MED,0,WEB,5,177,444
HS,2,LOW,3,WEB,2,128,210
GED,3,MED,3,REF,8,224,268
COL,1,MED,0,FAIR,5,320,340
GED,3,MED,5,WEB,4,255,302
HS,2,MED,3,WEB,2,208,302
COL,4,MED,4,WEB,2,348,301
HS,4,HIGH,0,FAIR,8,212,259
HS,4,HIGH,0,WEB,5,213,211
HS,3,HIGH,4,REF,7,270,231
COL,4,LOW,4,WEB,4,143,363
COL,4,HIGH,5,WEB,4,318,420
HS,1,HIGH,5,WEB,7,171,240
HS,3,HIGH,0,WEB,7,250,250
HS,4,LOW,4,WEB,8,196,346
HS,3,HIGH,0,FAIR,6,202,286
HS,2,HIGH,0,WEB,1,336,269
COL,4,MED,0,WEB,1,234,227
COL,2,HIGH,3,WEB,1,295,493
COL,2,MED,0,WEB,8,267,259
HS,1,HIGH,5,WEB,7,186,284
HS,2,MED,0,WEB,7,234,295
GED,4,LOW,5,WEB,7,198,235
GED,3,HIGH,4,WEB,4,353,433
GED,5,HIGH,0,WEB,5,187,246
HS,5,MED,0,WEB,4,213,251
GED,3,LOW,4,WEB,6,235,297
GED,1,MED,0,REF,5,248,289
GED,5,HIGH,4,REF,6,185,268
HS,6,MED,5,WEB,7,263,352
HS,1,HIGH,4,WEB,7,329,381
GED,3,HIGH,3,REF,7,290,370
HS,5,HIGH,5,FAIR,3,188,328
GED,1,HIGH,2,REF,8,331,316
COL,2,HIGH,0,WEB,5,273,454
HS,4,LOW,5,FAIR,4,308,297
HS,6,HIGH,5,REF,4,275,220
COL,3,LOW,6,REF,5,139,528
HS,5,HIGH,4,WEB,3,208,188
COL,2,MED,0,WEB,3,175,314
GED,5,LOW,0,FAIR,5,172,321
HS,1,HIGH,5,FAIR,6,365,387
GED,4,HIGH,5,WEB,5,267,425
HS,4,HIGH,5,WEB,7,208,388
HS,3,HIGH,5,FAIR,2,190,152
HS,1,HIGH,5,WEB,1,283,328
GED,4,HIGH,4,WEB,4,329,255
HS,5,HIGH,2,REF,4,221,314
HS,3,MED,3,REF,7,205,200
COL,5,MED,5,WEB,5,265,386
HS,1,HIGH,0,WEB,8,452,230
GED,3,LOW,5,REF,6,242,503
GED,1,MED,5,WEB,5,308,357
HS,4,HIGH,6,FAIR,6,278,287
COL,1,MED,3,WEB,5,197,583
HS,1,MED,0,WEB,6,145,283
COL,2,LOW,0,WEB,2,298,346
HS,5,MED,0,WEB,7,358,294
COL,6,MED,0,REF,6,334,449
HS,2,HIGH,3,WEB,4,233,245
HS,2,HIGH,3,WEB,5,202,423
HS,2,HIGH,3,REF,2,183,300
COL,2,MED,2,WEB,9,260,354
HS,2,HIGH,2,REF,6,260,365
HS,1,MED,3,REF,1,153,246
HS,2,MED,5,REF,7,242,386
HS,5,MED,1,FAIR,7,217,152
COL,1,LOW,0,FAIR,4,214,325
COL,5,HIGH,4,FAIR,9,273,377
HS,5,MED,4,FAIR,2,249,269
HS,2,HIGH,5,FAIR,4,292,311
COL,3,MED,5,WEB,7,285,402
HS,4,MED,5,WEB,4,305,147
HS,1,MED,4,FAIR,2,350,317
HS,4,LOW,3,WEB,3,286,341
HS,2,MED,0,WEB,8,272,245
HS,3,HIGH,4,FAIR,5,363,357
HS,2,HIGH,6,WEB,9,247,310
HS,3,MED,5,FAIR,0,180,372
HS,2,MED,6,WEB,5,140,312
HS,0,MED,5,WEB,4,166,246
COL,2,HIGH,5,WEB,1,240,427
HS,2,LOW,4,WEB,1,175,227
HS,2,MED,0,WEB,8,286,271
HS,4,MED,0,WEB,3,218,284
HS,3,MED,2,FAIR,4,226,301
COL,5,MED,0,WEB,2,167,297
COL,2,HIGH,4,WEB,8,217,644
HS,4,LOW,4,FAIR,9,510,426
HS,4,MED,2,FAIR,5,165,261
COL,5,MED,3,REF,5,305,524
HS,2,HIGH,0,WEB,5,196,266
HS,5,MED,5,WEB,5,149,272
HS,2,HIGH,3,WEB,6,149,420
HS,4,MED,0,FAIR,6,223,178
COL,2,HIGH,4,FAIR,8,183,350
HS,3,HIGH,6,WEB,3,271,320
HS,4,MED,6,WEB,6,120,251
HS,3,MED,5,WEB,6,240,293
HS,1,HIGH,3,WEB,4,250,305
HS,2,HIGH,2,FAIR,7,186,233
HS,1,LOW,5,REF,2,273,355
HS,2,LOW,6,REF,8,186,498
GED,1,HIGH,0,REF,5,286,413
COL,2,MED,5,WEB,8,318,681
HS,2,LOW,0,WEB,6,223,262
HS,2,MED,1,WEB,7,325,293
HS,2,HIGH,4,FAIR,5,175,365
HS,5,MED,6,FAIR,4,226,392
COL,3,HIGH,3,REF,6,300,301
HS,4,LOW,5,FAIR,6,311,266
HS,4,HIGH,5,FAIR,5,147,151
HS,3,HIGH,5,FAIR,4,223,226
GED,2,HIGH,6,REF,4,158,330
COL,2,MED,4,REF,9,198,435
COL,4,MED,4,REF,6,196,576
HS,3,LOW,2,WEB,5,331,371
HS,3,MED,4,WEB,3,213,302
HS,4,MED,0,WEB,6,194,204
GED,2,HIGH,5,WEB,8,155,365
HS,1,MED,0,WEB,6,129,301
HS,6,HIGH,5,WEB,3,272,170
HS,1,HIGH,3,FAIR,5,236,300
HS,3,HIGH,0,WEB,6,241,305
GED,1,LOW,4,WEB,4,308,471
HS,2,LOW,4,FAIR,7,319,279
HS,1,HIGH,3,FAIR,3,322,355
COL,2,MED,3,WEB,6,245,318
COL,2,MED,5,WEB,4,186,271
COL,2,LOW,4,WEB,8,157,377
HS,5,MED,2,WEB,1,179,331
GED,1,MED,5,FAIR,7,213,384
HS,4,LOW,6,FAIR,7,204,470
GED,7,MED,0,REF,6,143,267
HS,2,MED,2,WEB,6,332,355
COL,4,HIGH,0,WEB,9,260,522
HS,5,HIGH,6,WEB,1,135,215
HS,2,LOW,4,REF,6,280,222
COL,2,HIGH,6,FAIR,2,185,266
HS,1,LOW,3,WEB,3,288,255
COL,4,HIGH,0,REF,7,319,429
HS,4,MED,5,REF,0,215,308
COL,0,LOW,6,FAIR,7,175,381
COL,3,MED,3,WEB,8,213,301
COL,1,HIGH,0,REF,5,311,288
GED,3,MED,3,WEB,6,287,350
COL,5,MED,5,REF,4,459,467
HS,1,HIGH,4,WEB,6,294,385
HS,2,HIGH,0,REF,0,218,275
HS,3,MED,5,REF,6,149,238
HS,6,HIGH,4,WEB,5,228,314
COL,3,MED,4,FAIR,5,310,607
HS,5,HIGH,0,WEB,8,232,210
COL,4,HIGH,3,WEB,7,169,316
HS,5,HIGH,4,REF,4,132,263
GED,2,LOW,6,WEB,5,201,263
COL,2,MED,2,WEB,7,321,466
HS,2,HIGH,5,WEB,8,145,243
HS,3,MED,0,FAIR,1,209,164
COL,4,HIGH,5,WEB,2,273,234
COL,1,LOW,5,REF,6,216,662
HS,3,HIGH,5,WEB,1,260,235
COL,4,MED,6,WEB,8,236,465
HS,2,LOW,6,WEB,3,131,264
HS,2,LOW,0,WEB,7,220,273
HS,1,MED,0,WEB,3,194,194
COL,3,HIGH,6,FAIR,3,264,543
HS,1,HIGH,5,WEB,4,144,188
COL,4,HIGH,0,WEB,8,363,399
HS,2,HIGH,4,WEB,7,246,255
HS,5,HIGH,0,WEB,2,186,212
COL,3,MED,4,WEB,8,368,528
HS,2,MED,4,FAIR,6,154,245
COL,3,HIGH,0,WEB,5,212,621
COL,1,MED,5,REF,6,289,772
HS,2,HIGH,2,REF,7,212,420
COL,6,MED,5,REF,2,190,320
COL,4,LOW,0,REF,7,301,459
HS,4,HIGH,0,REF,8,183,142
COL,4,MED,5,REF,8,243,293
HS,2,HIGH,0,WEB,0,300,249
HS,1,MED,5,FAIR,5,150,327
HS,1,LOW,6,FAIR,6,207,436
COL,4,LOW,4,FAIR,6,158,280
COL,5,LOW,5,FAIR,1,232,331
HS,3,MED,5,REF,7,270,474
COL,4,HIGH,4,WEB,6,231,536
COL,1,HIGH,6,REF,8,327,489
HS,4,MED,2,WEB,4,215,348
GED,4,LOW,3,FAIR,9,127,516
HS,3,MED,4,WEB,2,362,230
HS,1,HIGH,4,FAIR,5,210,427
HS,3,MED,3,WEB,0,363,431
COL,2,MED,0,WEB,9,203,375